State,State_URL
Alabama,https://www.asylumprojects.org/index.php?title=Alabama
Alaska,https://www.asylumprojects.org/index.php?title=Alaska
Arizona,https://www.asylumprojects.org/index.php?title=Arizona
Arkansas,https://www.asylumprojects.org/index.php?title=Arkansas
California,https://www.asylumprojects.org/index.php?title=California
Colorado,https://www.asylumprojects.org/index.php?title=Colorado
Connecticut,https://www.asylumprojects.org/index.php?title=Connecticut
Delaware,https://www.asylumprojects.org/index.php?title=Delaware
Florida,https://www.asylumprojects.org/index.php?title=Florida
Georgia,https://www.asylumprojects.org/index.php?title=Georgia
Hawaii,https://www.asylumprojects.org/index.php?title=Hawaii
Idaho,https://www.asylumprojects.org/index.php?title=Idaho
Illinois,https://www.asylumprojects.org/index.php?title=Illinois
Indiana,https://www.asylumprojects.org/index.php?title=Indiana
Iowa,https://www.asylumprojects.org/index.php?title=Iowa
Kansas,https://www.asylumprojects.org/index.php?title=Kansas
Kentucky,https://www.asylumprojects.org/index.php?title=Kentucky
Louisiana,https://www.asylumprojects.org/index.php?title=Louisiana
Maine,https://www.asylumprojects.org/index.php?title=Maine
Maryland,https://www.asylumprojects.org/index.php?title=Maryland
Massachusetts,https://www.asylumprojects.org/index.php?title=Massachusetts
Michigan,https://www.asylumprojects.org/index.php?title=Michigan
Minnesota,https://www.asylumprojects.org/index.php?title=Minnesota
Mississippi,https://www.asylumprojects.org/index.php?title=Mississippi
Missouri,https://www.asylumprojects.org/index.php?title=Missouri
Montana,https://www.asylumprojects.org/index.php?title=Montana
Nebraska,https://www.asylumprojects.org/index.php?title=Nebraska
Nevada,https://www.asylumprojects.org/index.php?title=Nevada
New Hampshire,https://www.asylumprojects.org/index.php?title=New_Hampshire
New Jersey,https://www.asylumprojects.org/index.php?title=New_Jersey
New Mexico,https://www.asylumprojects.org/index.php?title=New_Mexico
New York,https://www.asylumprojects.org/index.php?title=New_York
North Carolina,https://www.asylumprojects.org/index.php?title=North_Carolina
North Dakota,https://www.asylumprojects.org/index.php?title=North_Dakota
Ohio,https://www.asylumprojects.org/index.php?title=Ohio
Oklahoma,https://www.asylumprojects.org/index.php?title=Oklahoma
Oregon,https://www.asylumprojects.org/index.php?title=Oregon
Pennsylvania,https://www.asylumprojects.org/index.php?title=Pennsylvania
Puerto Rico,https://www.asylumprojects.org/index.php?title=Puerto_Rico
Rhode Island,https://www.asylumprojects.org/index.php?title=Rhode_Island
South Carolina,https://www.asylumprojects.org/index.php?title=South_Carolina
South Dakota,https://www.asylumprojects.org/index.php?title=South_Dakota
Tennessee,https://www.asylumprojects.org/index.php?title=Tennessee
Texas,https://www.asylumprojects.org/index.php?title=Texas
Utah,https://www.asylumprojects.org/index.php?title=Utah
Vermont,https://www.asylumprojects.org/index.php?title=Vermont
Virginia,https://www.asylumprojects.org/index.php?title=Virginia
Washington,https://www.asylumprojects.org/index.php?title=Washington
Washington DC,https://www.asylumprojects.org/index.php?title=Washington_DC
West Virginia,https://www.asylumprojects.org/index.php?title=West_Virginia
Wisconsin,https://www.asylumprojects.org/index.php?title=Wisconsin
Wyoming,https://www.asylumprojects.org/index.php?title=Wyoming
